{"cameraMode":{"drawMode":0,"name":"Shaded","section":"Shading Mode"},"sceneLighting":true,"audioPlay":false,"sceneViewState":{"m_AlwaysRefresh":false,"showFog":true,"showSkybox":true,"showFlares":true,"showImageEffects":true,"showParticleSystems":true,"showVisualEffectGraphs":true,"m_FxEnabled":true},"in2DMode":false,"pivot":{"x":-80.31256103515625,"y":47.74093246459961,"z":13.152566909790039},"rotation":{"x":-0.03357918933033943,"y":0.026462867856025697,"z":-0.0011020256206393242,"w":-0.9992327690124512},"size":12.13880729675293,"orthographic":false}